<?xml version = "1.0" encoding = "UTF-8"?>

<beans xmlns="http://www.springframework.org/schema/beans"  
    xmlns:xsi="http://www.w3.org/2001/XMLSchema-instance"   
    xmlns:context="http://www.springframework.org/schema/context"  
    xmlns:mvc="http://www.springframework.org/schema/mvc"  
    xmlns:tx="http://www.springframework.org/schema/tx"
    xsi:schemaLocation="  
        http://www.springframework.org/schema/beans  
        http://www.springframework.org/schema/beans/spring-beans.xsd  
        http://www.springframework.org/schema/context  
        http://www.springframework.org/schema/context/spring-context.xsd  
        http://www.springframework.org/schema/mvc  
        http://www.springframework.org/schema/mvc/spring-mvc.xsd  
        http://www.springframework.org/schema/tx 
        http://www.springframework.org/schema/tx/spring-tx.xsd">  

    <context:component-scan base-package="com.training"></context:component-scan>
    <context:annotation-config/>
    
    <bean id="myDataSource" class="com.mchange.v2.c3p0.ComboPooledDataSource"
          destroy-method="close">
        <property name="driverClass" value="oracle.jdbc.driver.OracleDriver" />
        <property name="jdbcUrl" value="jdbc:oracle:thin:@localhost:1521:xe" />
        <property name="user" value="system" />
        <property name="password" value="tiger" />
        <!-- these are connection pool properties for C3P0 -->
        <property name="minPoolSize" value="5" />
        <property name="maxPoolSize" value="20" />
        <property name="maxIdleTime" value="30000" />
    </bean>
        
    <bean id="mySessionFactory" class="org.springframework.orm.hibernate5.LocalSessionFactoryBean">
        <property name="dataSource" ref="myDataSource" />
        <property name="annotatedClasses">
            <list>
                <value>com.training.bean.Doctor</value>
            </list>
        </property>
        <property name="hibernateProperties">
            <props>
                <prop key="hibernate.dialect"> org.hibernate.dialect.Oracle9Dialect</prop>
                <prop key="hibernate.show_sql">true</prop>
                <prop key="hibernate.hbm2ddl.auto">update</prop>
            </props>
        </property>
    </bean>     
        
    <bean id="txManager"
                 class="org.springframework.orm.hibernate5.HibernateTransactionManager">
        <property name="sessionFactory" ref="mySessionFactory"/>
    </bean> 
    
     <tx:annotation-driven transaction-manager="txManager" />
      
    <bean id="doctorDAO" class="com.training.db.DoctorDAOImpl">
        <property name="sessionFactory" ref="mySessionFactory"/>
    </bean>
	
  
</beans>
