<?xml version='1.0' encoding='utf-8'?>
<!DOCTYPE hibernate-configuration PUBLIC
    "-//Hibernate/Hibernate Configuration DTD//EN"
    "http://www.hibernate.org/dtd/hibernate-configuration-5.0.dtd">

<hibernate-configuration>
  <session-factory>
  
  	<property name="dialect">org.hibernate.dialect.MySQLDialect</property>
    <property name="show_sql">true</property> 
    <property name="hibernate.hbm2ddl.auto">update</property>
    <property name="hibernate.current_session_context_class">thread</property>
    <property name="format_sql">true</property>
    <mapping resource="Person.hbm.xml"></mapping>
   
  </session-factory>
  
</hibernate-configuration>